YearMonth,sales,profit
2020-01,1460.5,311.07
2020-02,2333.25,445.49
2020-03,1160.05,221.57
2020-04,6031.9,1046.22
2020-05,8015.0,1538.55
2020-06,595.35,112.07
2020-07,1449.6999999999998,322.5
2020-08,71.4,14.41
2020-09,81.6,15.98
2020-10,1684.1,383.41999999999996
2020-11,6602.45,1370.0
2020-12,4383.77,910.89
2021-01,4717.02,864.03
2021-02,2903.2,647.83
2021-03,2447.5499999999997,434.87
2021-04,54.0,9.95
2021-05,3251.4,568.3
2021-06,4054.45,854.49
2021-07,6066.67,1119.8100000000002
2021-08,2435.7,414.81
2021-09,878.25,199.32999999999998
2021-10,2517.35,558.0600000000001
2021-11,1868.0,359.27
2021-12,14938.4,2662.23
2022-01,147.6,23.869999999999997
2022-02,381.90000000000003,73.76
2022-03,2702.25,504.92
2022-04,2589.1,456.5
2022-05,3990.8,731.08
2022-06,1911.4,333.76
2022-07,6384.5,1288.15
2022-08,1113.1,208.99
2022-09,1575.0,289.92
2022-10,1791.7,329.4
2022-11,747.6,123.68
2022-12,2378.85,485.93
2023-01,146.0,19.69
2023-02,2814.35,591.48
2023-03,804.6999999999999,182.03
2023-04,2374.05,573.72
2023-05,1809.6,379.15
2023-06,3942.1,758.2
2023-07,1558.85,306.24
2023-08,76.05,15.18
2023-09,6316.2,1096.43
2023-10,2946.45,562.87
2023-11,7423.599999999999,1290.15
2023-12,4133.8,826.14
2026-08,2891730.38,50367.18000000001
