Customer ID,Customer Name,orders_count,total_spent
basu,basu,4,970300.0
annaji,annaji,1,564300.0
prem,prem,2,480999.98
mani,mani,1,376200.0
shivanand1,shivanand1,4,289335.8
deepa,deepa,1,138000.0
shivanand,shivanand,3,45549.600000000006
tester,tester,2,27045.0
Ivy Patel,Ivy Patel,14,17252.55
Bob Smith,Bob Smith,17,15854.52
Grace Kim,Grace Kim,14,15672.15
Alice Johnson,Alice Johnson,14,12694.42
Jack Liu,Jack Liu,13,12256.17
Carol Lee,Carol Lee,11,9408.75
Hector Cruz,Hector Cruz,17,8858.95
Omar Ali,Omar Ali,10,8099.7
Nina Gomez,Nina Gomez,18,7946.7
Eva Green,Eva Green,12,7629.3
Kumar Singh,Kumar Singh,12,6849.1
David Brown,David Brown,8,4886.3
